"","BC Hydro Names","Project Type","Region","Latitude","Longitude","Installed Capacity (MW)","Dependable Generating Capacity (MW)","Effective Load-Carrying Capacity (MW)","Annual Firm Energy (GWh/yr)","UEC ($/MWh)","UCC ($/kW-yr)","R1 Length (km)","T1 Length (km)","Linear Features (km)","Line Voltage","Plateau or Ridgeline - WIND","Number of Turbines - WIND","Footprint of Plant (ha) - SOLAR","Footprint of Panels (ha) - SOLAR","ATG (ha)","Raw Terrestrial Score","Terrestrial % of Summed Score","Raw Freshwater Score","Freshwater % of Summed Score","Summed Raw Scores","Terrestrial Proportion of Scaled Score","Freshwater Proportion of Scaled Score","Scaled Summed Score","Notes"
"1","WBBio_SP_RR","Biomass","Peace River",55.7000000005,-121.633333333,9.20943570024,"9","NA","73","213.94","NA",0,0.424264,0.424264,25,"NA","NA","NA","NA",10,7,0.5,7,0.5,14,0,0,0,NA
"2","WBBio_SP_ST","Biomass","Peace River",55.7000000005,-121.633333333,0.9235825785,"1","NA","7","213.94","NA",0,0.424264,0.424264,25,"NA","NA","NA","NA",10,7,0.5,7,0.5,14,0,0,0,NA
"3","Chemainus_River-8hr","Small Storage Hydro","Vancouver Island",48.88,-123.8,40.1,"40","21","113.7","91.427448071216631","NA",0.3,8,8.3,69,"NA","NA","NA","NA",7.99,33,0.323529411764706,69,0.676470588235294,102,0.00121284623234159,0.00253595121307788,0.00374879744541947,NA
"4","Spuzzum_Creek-8hr","Small Storage Hydro","Lower Mainland",49.68,-121.53,40.4,"40","8","134.80000000000001","88.061461448598124","NA",0,9.69411254969675,9.69411254969675,69,"NA","NA","NA","NA",9.02,64,0.516129032258065,60,0.483870967741935,124,0.00241857899704482,0.00226741780972952,0.00468599680677434,NA
"5","VI_Batt_1","Battery","Vancouver Island",48.494856,-123.425052,50,"NA","40","NA","NA","250.36602238805969",0,0.6,0.6,69,"NA","NA","NA","NA",0.3,90,0.629370629370629,53,0.370629370629371,143,0.00345864099978703,0.00203675525543014,0.00549539625521718,NA
"6","WBBio_WPR_PL","Biomass","North Coast",54.0527777786,-128.65,13.691422297,"13","NA","109","133.66","NA",0,4.76985,4.76985,25,"NA","NA","NA","NA",10,134,0.425396825396825,181,0.574603174603175,315,0.00545468961628964,0.00736790164588377,0.0128225912621734,NA
"7","NC13","Onshore Wind","North Coast",54.277221,-130.338158,27,"NA","7.1999999999999993","89.352000000000004","105.77926262590856","NA",6.2,4.59411279296875,10.7941127929688,69,"R","NA","NA","NA",42.32009,171,0.51044776119403,164,0.48955223880597,335,0.00698016419866079,0.00669442648292614,0.0136745906815869,NA
"8","PC32","Onshore Wind","Peace River",55.80858425,-121.3839604,150,"NA","36","383.81940000000003","84.166982229582743","NA",0.1,20,20.1,130,"P","30","NA","NA",19.085175370558,201.52011,0.550814269613215,164.33844,0.449185730386785,365.85855,0.00825624542946679,0.00673291858631728,0.0149891640157841,NA
"9","MSW 2","Municipal Solid Waste","Vancouver Island",49.101284,-123.010378,25.3,"27","NA","222","92.14","NA",0,2.59706,2.59706,69,"NA","NA","NA","NA",4,230,0.5,230,0.5,460,0.0094997935264607,0.0094997935264607,0.0189995870529214,NA
"10","ROR_5332","Run of River","Mica",51.6569055729,-118.616383477,49.27,"NA","7","151","84.37","NA",0.141421356201,4.7698486328125,4.9112699890135,69,"NA","NA","NA","NA",5.75,249,0.514462809917355,235,0.485537190082645,484,0.0103005673609467,0.00972141899527095,0.0200219863562176,NA
"11","WBBio_LM_RR","Biomass","Lower Mainland",49.0794444445,-122.483055556,46.9548644984,"45","NA","374","134.79","NA",0.6,3.67279,4.27279,69,"NA","NA","NA","NA",10,268,0.516377649325626,251,0.483622350674374,519,0.0111088247999446,0.0104041605402466,0.0215129853401913,NA
"12","WBBio_LM_ST_1","Biomass","Lower Mainland",49.0794444445,-122.483055556,38.5057778184,"37","NA","307","104.73","NA",0,3.67279,3.67279,69,"NA","NA","NA","NA",10,268,0.516377649325626,251,0.483622350674374,519,0.0111088247999446,0.0104041605402466,0.0215129853401913,NA
"13","WBBio_LM_ST_2","Biomass","Lower Mainland",49.0794444445,-122.483055556,38.5057778184,"37","NA","307","104.73","NA",0.6,3.67279,4.27279,69,"NA","NA","NA","NA",10,268,0.516377649325626,251,0.483622350674374,519,0.0111088247999446,0.0104041605402466,0.0215129853401913,NA
"14","Solar73988","Solar","Selkirk",49.82259966,-119.5990861,105.873230769,"NA","NA","177.4225591880429","99.454599163987098","NA",0,3.6,3.6,130,"NA","NA","511.92","204.76800000000003",511.92,430,0.755711775043937,139,0.244288224956063,569,0.0178672813218836,0.00577570256684145,0.0236429838887251,NA
"15","SI22","Onshore Wind","Kelly Nicola",50.76215624,-121.717804,48,"NA","12","141.036","88.914457851157948","NA",0.741421386719,15.603658203125,16.345079589844,69,"P","10","NA","NA",6.36172512351933,267.21271,0.453344394274682,322.21271,0.546655605725318,589.42542,0.0111128792764941,0.0134002269112948,0.0245131061877889,NA
"16","ROR_5018","Run of River","Lower Mainland",50.371717,-122.7530678,15.82,"NA","2","37","86.53","NA",0.200000000002,5.23407068874,5.434070688742,69,"NA","NA","NA","NA",6.85,362,0.569182389937107,274,0.430817610062893,636,0.0150817293453479,0.0114154525984125,0.0264971819437603,NA
"17","PC29","Onshore Wind","Peace River",55.57650639,-121.7008243,87,"NA","21.599999999999998","213.57755999999998","98.6800376344559","NA",0.8,15.8911689453125,16.6911689453125,130,"R","NA","NA","NA",154.2378,408,0.628659476117103,241,0.371340523882897,649,0.0170058558999733,0.0100451256664058,0.0270509815663791,NA
"18","Solar71004","Solar","Revelstoke",50.23956119,-119.1681915,110.259692308,"NA","NA","183.89581588506243","99.61543341729832","NA",2,4.9,6.9,130,"NA","NA","567","226.8",567,588,0.900459418070444,65,0.0995405819295559,653,0.0245117492997763,0.00270963215048548,0.0272213814502618,NA
"19","Nimpkish_River_B-8hr","Small Storage Hydro","Vancouver Island",50.52,-127.02,77.6,"40","38","380","75.443835022643938","NA",0,7.6,7.6,130,"NA","NA","NA","NA",7.62,145,0.207736389684814,553,0.792263610315186,698,0.00605310189236622,0.023085278251576,0.0291383801439422,NA
"20","PC46","Onshore Wind","Peace River",55.077248,-121.11845,54,"NA","13.2","216.81","76.420343570647532","NA",6.8,8.4,15.2,69,"R","NA","NA","NA",7,432,0.586160108548168,305,0.413839891451832,737,0.0180536018088155,0.0127461772029831,0.0307997790117986,NA
"21","Solar76979","Solar","Vancouver Island",48.73663866,-123.7746615,92.1156923077,"NA","NA","151.38292161644466","102.62417884982256","NA",0,5.7,5.7,13,"NA","NA","200.88","80.352000000000004",200.88,405,0.532194480946124,356,0.467805519053876,761,0.0169355876709769,0.0148865906441179,0.0318221783150948,NA
"22","VI13","Onshore Wind","Vancouver Island",50.4946925,-127.072832,33,"NA","8.4","113.50331999999999","87.113135229108053","NA",1,8.8,9.8,130,"P","7","NA","NA",4.45320758646353,267,0.342307692307692,513,0.657692307692308,780,0.0111700400805956,0.0214615376829421,0.0326315777635377,NA
"23","Canoe Creek - Valemount","Geothermal","Kelly Nicola",52.673325,-119.056345,14.3,"52","NA","385.16461135371998","88.585188657271829","NA",0,21.552185546875,21.552185546875,25,"NA","NA","NA","NA",15.6,636,0.814340588988476,145,0.185659411011524,781,0.0266079091410337,0.00606626859347466,0.0326741777345083,NA
"24","Solar70163","Solar","Kelly Nicola",50.19913579,-120.4685847,94.7076923077,"NA","NA","167.4049309600608","95.403752700978643","NA",0.3,6.4,6.7,130,"NA","NA","332.1","132.84",332.1,490,0.6125,310,0.3875,800,0.0205086910245576,0.0129748861583936,0.0334835771829512,NA
"25","Sloquet Creek","Geothermal","Lower Mainland",49.736758,-122.303431,10,"8","NA","57","157.06","NA",0.300000000003725,8.44264,8.74264000000373,69,"NA","NA","NA","NA",2.3,325,0.389221556886228,510,0.610778443113772,835,0.0136128589871264,0.0213617171797984,0.0349745761669248,NA
"26","VI14","Onshore Wind","Vancouver Island",50.44600547,-127.2969015,33,"NA","8.4","129.44651999999999","88.609477321999194","NA",0.9,17.8,18.7,130,"R","NA","NA","NA",4.45,343,0.404481132075472,505,0.595518867924528,848,0.0143705576601574,0.0211578181293862,0.0355283757895436,NA
"27","Solar62049","Solar","Kelly Nicola",51.03224575,-121.6617556,41.6713846154,"NA","NA","74.167136563120138","103.70208520210363","NA",0.7,8.9,9.6,69,"NA","NA","1554.39","621.75600000000009",1554.39,482,0.561117578579744,377,0.438882421420256,859,0.0201985357120449,0.0157984397581762,0.035996975470221,NA
"28","VI12","Onshore Wind","Vancouver Island",50.49669782,-126.7676224,48,"NA","12","164.90700000000001","88.165206651257805","NA",0.7,9.2,9.9,130,"R","NA","NA","NA",6.36,352,0.406466512702079,514,0.593533487297921,866,0.0147527733186946,0.0215424019483211,0.0362951752670158,NA
"29","VI11","Onshore Wind","Vancouver Island",48.52438427,-124.0442447,48,"NA","12","127.8522","102.72014729515422","NA",0.682842773438,34.06690625,34.749749023438,69,"R","NA","NA","NA",6.36,349,0.392575928008999,540,0.607424071991001,889,0.0146332577448483,0.022641716854493,0.0372749745993413,NA
"30","Solar35279","Solar","Central Interior",54.11055135,-122.6754819,139.569230769,"NA","NA","218.33480922059522","103.50424852725466","NA",0.8,5.3,6.1,130,"NA","NA","490.86","196.34400000000002",490.86,435,0.488215488215488,456,0.511784511784512,891,0.0182398158534882,0.0191203586877945,0.0373601745412827,NA
"31","Solar70167","Solar","Kelly Nicola",50.22411457,-120.3039462,54.6313846154,"NA","NA","96.373479993960956","104.50362561373343","NA",0.3,7.9,8.2,130,"NA","NA","1395.63","558.25200000000007",1395.63,588,0.636363636363636,336,0.363636363636364,924,0.024669255916655,0.01409671766666,0.038765973583315,NA
"32","MSW 1","Municipal Solid Waste","Vancouver Island",49.681317,-126.127496,12.2,"13","NA","107","178.98","NA",0,13.9882,13.9882,25,"NA","NA","NA","NA",4,289,0.303571428571429,663,0.696428571428571,952,0.0121303417338999,0.027828431036594,0.0399587727704939,NA
"33","PC27","Onshore Wind","Peace River",55.08879708,-120.8807972,108,"NA","26.4","349.97952000000004","74.776098252114934","NA",0.6,18.7,19.3,230,"R","NA","NA","NA",14,763,0.685534591194969,350,0.314465408805031,1113,0.0320949252990454,0.0147224427977273,0.0468173680967727,NA
"34","PC18","Onshore Wind","Peace River",55.36411684,-121.4835836,138,"NA","33.6","562.91759999999999","52.49959951056757","NA",7.15979882813,18.976451171875,26.136250000005,230,"R","NA","NA","NA",17.81,698,0.613896218117854,439,0.386103781882146,1137,0.0293686522825401,0.0184711151175288,0.0478397674000689,NA
"35","Solar79910","Solar","East Kootenay",49.54659142,-115.6802832,82.1464615385,"NA","NA","145.58409507610833","103.70798631766935","NA",1.8,9.4,11.2,230,"NA","NA","845.64","338.25600000000003",845.64,834,0.718965517241379,326,0.281034482758621,1160,0.035099585047256,0.0137199816851384,0.0488195667323944,NA
"36","Solar69283","Solar","Kelly Nicola",50.25912226,-120.4079589,120.827076923,"NA","NA","214.05467944246581","94.085193713019265","NA",1.4,9.4,10.8,130,"NA","NA","212.22","84.888000000000005",212.22,752,0.638370118845501,426,0.361629881154499,1178,0.0316544544905091,0.0179319117193575,0.0495863662098666,NA
"37","Solar67498","Solar","Kelly Nicola",50.42387155,-120.6602656,81.149534615,"NA","NA","146.89395982694825","96.656117097630755","NA",0.7,11.2,11.9,130,"NA","NA","1314.63","525.85200000000009",1314.63,643,0.532284768211921,565,0.467715231788079,1208,0.0270743269147091,0.0237900384242778,0.0508643653389869,NA
"38","PC38","Onshore Wind","Peace River",55.86682196,-121.7623816,129,"NA","31.2","344.60088000000002","84.35861942811421","NA",3.92132080078,23.78528125,27.70660205078,130,"R","NA","NA","NA",16.54,624,0.515702479338843,586,0.484297520661157,1210,0.0262748171366109,0.0246747481443173,0.0509495652809282,NA
"39","SI37","Onshore Wind","East Kootenay",49.33874819,-115.9994731,33,"NA","8.4","97.314840000000018","97.013018779307032","NA",1.2656854248,15.8698486328125,17.1355340576125,69,"R","NA","NA","NA",4.45,758,0.626446280991735,452,0.373553719008264,1210,0.0319171656883831,0.0190323995925451,0.0509495652809282,NA
"40","Zymoetz_River-8hr","Small Storage Hydro","North Coast",54.5,-128.35,51.2,"40","8","208.4","81.381647398843924","NA",0,16.4823376490855,16.4823376490855,69,"NA","NA","NA","NA",16.48,352,0.279586973788721,907,0.720413026211279,1259,0.0148284442241374,0.038208519634354,0.0530369638584913,NA
"41","Solar70164","Solar","Kelly Nicola",50.13913575,-120.5290776,80.7507692308,"NA","NA","143.20395404186112","99.189509910556936","NA",1.4,11.8,13.2,130,"NA","NA","1087.83","435.13200000000001",1087.83,794,0.608895705521472,510,0.391104294478528,1304,0.0334612317994052,0.0214927307527666,0.0549539625521718,NA
"42","Solar70988","Solar","Kelly Nicola",50.1042149,-120.4252154,87.9286153846,"NA","NA","157.00427919694422","97.074474887304504","NA",2.4,9.4,11.8,130,"NA","NA","877.2299999999999","350.892",877.23,798,0.605003790750569,521,0.394996209249431,1319,0.0336339528196756,0.0219590092970563,0.0555929621167319,NA
"43","Silverhope_Creek-8hr","Small Storage Hydro","Lower Mainland",49.29,-121.4,51.1,"40","19","251.3","80.156438495857245","NA",0,13.0580735803751,13.0580735803751,230,"NA","NA","NA","NA",13.06,611,0.4529280948851,738,0.5470719051149,1349,0.0257584561313682,0.031112505114484,0.0568709612458522,NA
"44","PC40","Onshore Wind","Peace River",55.22983297,-121.17872,117,"NA","28.799999999999997","417.64176000000003","74.026330439887317","NA",1.2,10.5,11.7,230,"R","NA","NA","NA",15.27,836,0.604920405209841,546,0.395079594790159,1382,0.0352528014476638,0.0230239588402206,0.0582767602878845,NA
"45","PC42","Onshore Wind","Peace River",55.35113309,-121.0861437,63,"NA","15.6","275.98818","65.30162752178073","NA",1.8,23.4,25.2,230,"R","NA","NA","NA",8.27,827,0.597111913357401,558,0.402888086642599,1385,0.0348740586902951,0.0235305015105014,0.0584045602007965,NA
"46","PC41","Onshore Wind","Peace River",55.16243852,-121.5944693,45,"NA","10.799999999999999","196.35101999999998","62.521940881479459","NA",3.17989941406,30.518376953125,33.698276367185,69,"R","NA","NA","NA",5.73,743,0.517409470752089,693,0.482590529247911,1436,0.0313431956331362,0.0292339630871647,0.060577158720301,NA
"47","Solar78421","Solar","Vancouver Island",48.54441263,-123.4181551,114.446769231,"NA","NA","197.7440004716037","96.517860072475429","NA",0,6.7,6.7,130,"NA","NA","221.93999999999997","88.775999999999996",221.94,850,0.591098748261474,588,0.408901251738526,1438,0.03585744427184,0.0248049143904023,0.0606623586622423,NA
"48","MSW 3","Municipal Solid Waste","Selkirk",49.944439,-119.422766,13.5,"14","NA","118","226.48","NA",0,19.5765,19.5765,25,"NA","NA","NA","NA",4,1210,0.8408617095205,229,0.1591382904795,1439,0.0510444752926947,0.00966048334051826,0.060704958633213,NA
"49","Solar69284","Solar","Kelly Nicola",50.27160351,-120.3255542,109.063384615,"NA","NA","193.898406513547","94.756406942562222","NA",0.6,12.1,12.7,130,"NA","NA","220.32","88.128",220.32,911,0.62914364640884,537,0.37085635359116,1448,0.038433352539258,0.0226550058326911,0.0610883583719491,NA
"50","Lakelse Lake","Geothermal","North Coast",54.322493,-128.539906,19.6,"17","NA","130","163.18","NA",1.1453743238,18.3933047631,19.5386790869,25,"NA","NA","NA","NA",5.2,594,0.402166553825322,883,0.597833446174678,1477,0.0250645307873247,0.0372592267427739,0.0623237575300987,NA
"51","Freda_Creek-8hr","Small Storage Hydro","Lower Mainland",49.95,-124.23,40.1,"40","16","172.2","79.419958709065014","NA",0,21.2308657865139,21.2308657865139,130,"NA","NA","NA","NA",21.23,557,0.371581054036024,942,0.628418945963976,1499,0.0235065730410538,0.0397543838503997,0.0632609568914535,NA
"52","VI08","Onshore Wind","Vancouver Island",50.65578694,-127.7576508,39,"NA","9.6","119.73168000000001","108.76961582803685","NA",1.22426403809,21.08528125,22.30954528809,69,"P","8","NA","NA",5.08938009881546,558,0.372248165443629,941,0.627751834556371,1499,0.0235487751470521,0.0397121817444014,0.0632609568914535,NA
"53","SI05","Onshore Wind","Kelly Nicola",50.5978853,-120.6758106,144,"NA","34.799999999999997","388.55417999999997","81.42411060961723","NA",0.3,21,21.3,130,"Both","29","NA","NA",18.4490028582061,807.7229,0.531493537407379,712,0.468506462592621,1519.7229,0.0340919895626449,0.0300517622672369,0.0641437518298817,NA
"54","Solar37707","Solar","Central Interior",53.79639587,-122.698719,208.157538462,"NA","NA","322.65399598024555","104.7992600895695","NA",0.3,9.2,9.5,230,"NA","NA","1990.98","796.39200000000005",1990.98,908,0.58732212160414,638,0.41267787839586,1546,0.0383304949667428,0.0269326605603325,0.0652631555270753,NA
"55","Solar35274","Solar","Central Interior",54.14449318,-122.7890088,215.933538462,"NA","NA","341.24863688479297","102.9148728582885","NA",0.6,11.3,11.9,230,"NA","NA","720.9","288.36",720.9,756,0.48,819,0.52,1575,0.0319193062489079,0.0345792484363169,0.0664985546852249,NA
"56","PC48","Onshore Wind","Peace River",54.96004125,-120.5968911,150,"NA","36","569.35620000000006","62.193665264181391","NA",0.2,43.3,43.5,230,"R","NA","NA","NA",19.09,1176,0.744775174160861,403,0.255224825839139,1579,0.0496533822503297,0.0170155723187779,0.0666689545691076,NA
"57","Solar36894","Solar","Central Interior",53.90566756,-122.6617853,382.619076923,"NA","NA","593.97001973886643","100.52005295582235","NA",0.3,7.9,8.2,230,"NA","NA","357.21","142.88399999999999",357.21,875,0.540457072266831,744,0.459542927733169,1619,0.0369526462210888,0.0314203071868458,0.0683729534079346,NA
"58","Solar70993","Solar","Kelly Nicola",50.0692313,-120.3214856,177.452307692,"NA","NA","316.16702664000769","93.790560276161614","NA",1.6,14.5,16.1,230,"NA","NA","2385.4500000000003","954.18000000000018",2385.45,1063,0.623826291079812,641,0.376173708920188,1704,0.0449117193953579,0.0270822315450841,0.0719939509404421,NA
"59","SI11","Onshore Wind","Revelstoke",50.61401372,-119.4703877,138,"NA","33.6","366.44832000000002","83.191183022405298","NA",0.2,18.9,19.1,130,"P","28","NA","NA",17.8128303458541,739,0.422332098416752,1010.8078,0.577667901583248,1749.8078,0.0312294998554739,0.0427158620351987,0.0739453618906726,NA
"60","Siwash_Creek-8hr","Small Storage Hydro","Lower Mainland",49.58,-121.35,41.5,"40","4","61.7","145.349752283105","NA",0.7242640687127,14.9610173055253,15.685281374238,69,"NA","NA","NA","NA",14.96,904,0.502222222222222,896,0.497777777777778,1800,0.038210848628266,0.037872699525361,0.0760835481536269,NA
"61","PC34","Onshore Wind","Peace River",55.5484546,-120.7554162,351,"NA","84","952.91280000000006","77.43051985602311","NA",1.4,54.8,56.2,230,"R","NA","NA","NA",44.53,1079,0.592206366630077,743,0.407793633369923,1822,0.0456121770409799,0.0314085704740019,0.0770207475149818,NA
"62","Solar37705","Solar","Central Interior",53.84412033,-122.72405,323.601230769,"NA","NA","502.62833385978621","101.2851055941847","NA",0,7.9,7.9,230,"NA","NA","430.11","172.04400000000001",430.11,1051,0.565662002152853,807,0.434337997847147,1858,0.0444352089019873,0.0341191375679389,0.0785543464699261,NA
"63","More_Creek-8hr","Small Storage Hydro","North Coast",57.03,-130.38,76.6,"40","3","152","154.71","NA",3.62132034355755,13.1095,16.7308203435575,230,"NA","NA","NA","NA",660.1,832,0.443733333333333,1043,0.556266666666667,1875,0.0351785334679401,0.0441000125084875,0.0792785459764276,NA
"64","Solar38465","Solar","Central Interior",53.7624474,-122.5860143,267.773538462,"NA","NA","417.37455832924564","102.45902931533188","NA",0.3,10.3,10.6,230,"NA","NA","378.27000000000004","151.30800000000002",378.27,1099,0.58364312267658,784,0.41635687732342,1883,0.0464692835756071,0.0331500621685859,0.079619345744193,NA
"65","SI08","Onshore Wind","Kelly Nicola",50.36055306,-120.5755816,117,"NA","28.799999999999997","291.07727999999997","92.450222284973009","NA",2.30710693359,18.539697265625,20.846804199215,130,"P","24","NA","NA",15.2681402964464,1030,0.541503851879875,872.1102,0.458496148120125,1902.1102,0.0435550174226078,0.0368784222868291,0.0804334397094369,NA
"66","SI38","Onshore Wind","East Kootenay",49.34258994,-115.7361433,102,"NA","25.2","263.98259999999999","96.934119051467661","NA",0.765685424805,22.67939453125,23.445079956055,230,"Both","21","NA","NA",13.3596227593906,1422.81525,0.739340281599057,501.62372,0.260659718400943,1924.43897,0.0601709461031648,0.0212136985600829,0.0813846446632477,NA
"67","Solar37706","Solar","Central Interior",53.85792135,-122.6364816,587.187692308,"NA","NA","908.36290450179092","103.28156857498674","NA",0.3,0,0.3,500,"NA","NA","447.93","179.17200000000003",447.93,1305,0.663784333672431,661,0.336215666327569,1966,0.0551970814098986,0.0279580619248605,0.0831551433347591,NA
"68","Solar36073","Solar","Central Interior",54.07654096,-122.5621047,250.626461538,"NA","NA","389.13790936218737","103.23340136967143","NA",0.8,9.6,10.4,230,"NA","NA","384.75","153.9",384.75,995,0.501512096774194,989,0.498487903225806,1984,0.0420878695051261,0.0418340733071052,0.0839219428122313,NA
"69","Solar70989","Solar","Kelly Nicola",50.04424448,-120.485651,122.023384615,"NA","NA","217.64253245828661","95.003592068529755","NA",2.6,18,20.6,130,"NA","NA","1018.17","407.26800000000003",1018.17,1205,0.605223505775992,786,0.394776494224008,1991,0.0509720099667887,0.0332481326422373,0.084220142609026,NA
"70","Solar36070","Solar","Central Interior",53.98733072,-122.8003246,153.725538462,"NA","NA","246.20021132315097","103.56327708214516","NA",0,22.5,22.5,130,"NA","NA","495.72","198.28800000000001",495.72,1065,0.522571148184495,973,0.477428851815505,2038,0.0450573078633709,0.0411650333812769,0.0862223412446478,NA
"71","Solar37708","Solar","Central Interior",53.81018131,-122.6112247,490.087384615,"NA","NA","754.37483183767301","100.03668615824678","NA",0.3,4.2,4.5,230,"NA","NA","1504.98","601.99200000000008",1504.98,1273,0.599340866290019,851,0.400659133709981,2124,0.0538723163965933,0.0360136223515325,0.0898859387481259,NA
"72","SI09","Onshore Wind","Kelly Nicola",50.33734954,-120.2431879,96,"NA","22.8","233.51532","95.607254920173048","NA",0.665685424805,22.027921875,22.693607299805,130,"P","19","NA","NA",12.0872777346867,1280.4239,0.560349678280432,1004.62051,0.439650321719568,2285.04441,0.054211828649765,0.0425345972893505,0.0967464259391155,NA
"73","SI06","Onshore Wind","Kelly Nicola",50.43852532,-121.0431569,129,"NA","31.2","320.00280000000004","89.222821877244428","NA",1.68994970703,17.96984765625,19.65979736328,130,"P","26","NA","NA",16.5404853211503,1169.5007,0.50947520948262,1126,0.49052479051738,2295.5007,0.0495168450623057,0.0476750185272708,0.0971918635895765,NA
"74","Solar72543","Solar","Selkirk",50.00138607,-119.4152191,126.011076923,"NA","NA","213.88440531431118","104.06496196270399","NA",0.3,25.9,26.2,130,"NA","NA","333.72","133.48800000000003",333.72,1900,0.819318671841311,419,0.180681328158689,2319,0.0804513035213776,0.0177416295660301,0.0981929330874077,NA
"75","PC43","Onshore Wind","Peace River",54.70227412,-120.40647,39,"NA","9.6","151.23263999999998","107.36558583383237","NA",2.1384777832,69.2366640625,71.3751418457,230,"R","NA","NA","NA",60.72321,1490,0.642241379310345,830,0.357758620689655,2320,0.0630909242486999,0.0351446088096785,0.0982355330583784,NA
"76","Bookhout 2","Pumped Storage","Vancouver Island",49.3267251047,-125.058627449,1000,"NA","495","NA","NA","181.76816646464647",4.14558496094,78.547015625,82.69260058594,230,"NA","NA","NA","NA",46.3,1052,0.44861407249467,1293,0.55138592750533,2345,0.0445476162106366,0.0547529161220087,0.0993005323326452,NA
"77","Solar65978","Solar","Kelly Nicola",50.56268788,-121.079558,52.2387692308,"NA","NA","95.228300170561525","101.3336327046222","NA",0.3,23.3,23.6,69,"NA","NA","1240.1099999999999","496.04399999999998",1240.11,1305,0.554140127388535,1050,0.445859872611465,2355,0.0552624731699658,0.0444640588723862,0.099726532042352,NA
"78","VI15","Onshore Wind","Vancouver Island",50.56331295,-127.9310094,39,"NA","9.6","131.15472","103.77850274255869","NA",0.441421356201,37.78599609375,38.227417449951,69,"R","NA","NA","NA",5.08,1086,0.459390862944162,1278,0.540609137055838,2364,0.0459895879501953,0.0541203438308928,0.100109931781088,NA
"79","Solar70986","Solar","Kelly Nicola",50.03169002,-120.5676775,81.7476923077,"NA","NA","146.55825003643776","101.60956461488067","NA",3.7,22.1,25.8,130,"NA","NA","1180.98","472.39200000000005",1180.98,1400,0.587248322147651,984,0.412751677852349,2384,0.0592897246982811,0.0416722065022205,0.100961931200502,NA
"80","PC15","Onshore Wind","Peace River",54.7388472,-120.7330381,108,"NA","26.4","476.30748000000006","62.376135598209594","NA",13.4,55.7,69.1,230,"R","NA","NA","NA",14,1352,0.565453785027185,1039,0.434546214972815,2391,0.0572579243447698,0.0440022066525265,0.101260130997296,NA
"81","Solar36893","Solar","Central Interior",53.89185093,-122.7494279,370.456615385,"NA","NA","580.13911071541554","100.256598345669","NA",0,12.1,12.1,230,"NA","NA","329.67","131.86800000000002",329.67,1238,0.510936855138258,1185,0.489063144861742,2423,0.0524340415289423,0.0501892885394157,0.102623330068358,NA
"82","SI12","Onshore Wind","Revelstoke",50.34267908,-119.6568605,186,"NA","44.4","583.90218000000004","73.214955174331507","NA",0.1,51.7,51.8,230,"P","37","NA","NA",23.5383829570215,1825.8431,0.745347768904048,623.8095,0.254652231095952,2449.6526,0.0773363379505515,0.0264223921040995,0.103758730054651,NA
"83","Solar36074","Solar","Central Interior",54.01498333,-122.6246949,290.702769231,"NA","NA","454.63551613398141","102.89142068129254","NA",0.4,15,15.4,230,"NA","NA","464.94","185.976",464.94,1249,0.495634920634921,1271,0.504365079365079,2520,0.0529117672771386,0.0538437599753749,0.106755527252514,NA
"84","PC20","Onshore Wind","Peace River",54.78342488,-120.28676,156,"NA","38.4","681.59807999999998","53.877756587889799","NA",7.3,72.2,79.5,230,"R","NA","NA","NA",20.36,1744,0.689055709205847,787,0.310944290794153,2531,0.0738833968279277,0.0333407301052632,0.107224126933191,NA
"85","NC10","Onshore Wind","Central Interior",53.60346636,-122.3907388,96,"NA","22.8","300.25776000000002","81.417215013863583","NA",2.6384777832,33.16173046875,35.80020825195,230,"R","NA","NA","NA",12.09,1224,0.476635514018692,1344,0.523364485981308,2568,0.0518580992412561,0.0569422266178498,0.108800325859106,NA
"86","Solar37703","Solar","Central Interior",53.76869537,-122.8735674,305.257846154,"NA","NA","485.659340765303","101.00995459166877","NA",0.6,21.1,21.7,230,"NA","NA","328.05","131.22",328.05,1460,0.557039297977871,1161,0.442960702022129,2621,0.0618637396062593,0.0491943847142925,0.111058124320552,NA
"87","Ball_Creek-8hr","Small Storage Hydro","North Coast",57.26,-130.32,43.2,"40","2","46","363.72","NA",3.7970562748453,36.4971,40.2941562748453,69,"NA","NA","NA","NA",139.3,1185,0.439866369710468,1509,0.560133630289532,2694,0.0502186294761218,0.0639492927252893,0.114167922201411,NA
"88","BC18","Onshore Wind","North Coast",54.7122,-126.671,170,"NA","40.799999999999997","481.60728","78.565597635227192","NA",94.62775,535.2341875,629.8619375,230,"P","73","NA","NA",46.4405934016911,1438.8152,0.524188676492951,1306.027,0.475811323507049,2744.8422,0.0609808598385425,0.0553529386069539,0.116333798445496,NA
"89","SI04","Onshore Wind","Kelly Nicola",50.6319848,-121.1327119,96,"NA","24","279.7944","84.949897322398115","NA",2.2,28.8,31,130,"Both","20","NA","NA",12.7234502470387,1484.0112,0.531575831764826,1307.7094,0.468424168235174,2791.7206,0.0629018024301312,0.0554290144945169,0.118330816924648,NA
"90","PC36","Onshore Wind","Peace River",55.96057455,-120.8663783,171,"NA","42","456.5274","91.951307550862538","NA",4.40416308594,72.4940234375,76.89818652344,230,"R","NA","NA","NA",22.27,2326,0.828052687789249,483,0.171947312210751,2809,0.0985936821913237,0.0204732366717151,0.119066918863039,NA
"91","Solar71774","Solar","Kelly Nicola",49.89899954,-120.7697282,49.4473846154,"NA","NA","89.402938088887296","104.10619883880203","NA",0,25.5,25.5,69,"NA","NA","624.51","249.804",624.51,1377,0.487088786699682,1450,0.512911213300318,2827,0.0583696604721909,0.0614640578683201,0.119833718340511,NA
"92","Upper Misery - Lower Misery","Pumped Storage","Lower Mainland",49.7558100009,-123.601969999,1000,"NA","495","NA","NA","170.55434646464647",0.424264068604,31.4308657865133,31.8551298551173,500,"NA","NA","NA","NA",31.43,1178,0.41102581995813,1688,0.58897418004187,2866,0.0499376301714783,0.0715574870368891,0.121495117208367,NA
"93","SI20","Onshore Wind","Kelly Nicola",51.0256605,-122.1550052,39,"NA","9.6","124.21679999999999","88.564118456528348","NA",1.1,30,31.1,69,"R","NA","NA","NA",5.09,1426,0.493767313019391,1462,0.506232686980609,2888,0.0604530759793711,0.0619792405903511,0.122432316569722,NA
"94","NC11","Onshore Wind","Central Interior",53.18764197,-121.9923874,75,"NA","18","212.47380000000001","98.4377501225039","NA",1.89705651855,36.52569140625,38.4227479248,230,"R","NA","NA","NA",111.0924,1342,0.454915254237288,1608,0.545084745762712,2950,0.0568978497699021,0.068175665000002,0.125073514769904,NA
"95","SI19","Onshore Wind","Kelly Nicola",51.17571966,-122.474124,54,"NA","13.2","160.05395999999999","89.798275246286522","NA",2.6,38.5,41.1,69,"R","NA","NA","NA",7,1369,0.460013440860215,1607,0.539986559139785,2976,0.0580450084296804,0.0681361055854613,0.126181114015142,NA
"96","SI23","Onshore Wind","Kelly Nicola",50.15293837,-121.2738812,192,"NA","46.8","671.15178000000003","77.926025114283874","NA",2.7,80.9,83.6,230,"R","NA","NA","NA",24.81,1287,0.419354838709677,1782,0.580645161290323,3069,0.0545760595838835,0.075566851731531,0.130142911315415,NA
"97","PC28","Onshore Wind","Peace River",55.43854724,-122.1718735,153,"NA","36","694.58039999999994","50.959020257979866","NA",4.9,45.67493359375,50.57493359375,130,"R","NA","NA","NA",19.09,1648,0.53058596265293,1458,0.46941403734707,3106,0.0698883109071832,0.0618307993341463,0.13171911024133,NA
"98","PC39","Onshore Wind","Peace River",55.729119,-121.801336,186,"NA","45.6","549.25199999999995","76.208568497958495","NA",8.53,26.352185546875,34.882185546875,230,"R","NA","NA","NA",24.17,1694,0.541906589891235,1432,0.458093410108765,3126,0.0718411579543502,0.0607299517063928,0.132571109660743,NA
"99","NC08","Onshore Wind","North Coast",54.28076156,-125.5268817,195,"NA","46.8","516.38886000000002","84.12008727319369","NA",1.48994958496,42.6198046875,44.10975427246,230,"P","39","NA","NA",24.8107279817254,1204.8052,0.382840093073465,1942.2142,0.617159906926535,3147.0194,0.0510963408694005,0.0823701946211636,0.133466535490564,NA
"100","Solar72534","Solar","Kelly Nicola",49.88940799,-120.5026211,93.1126153846,"NA","NA","170.19574378574288","100.34437055329255","NA",0.3,34.9,35.2,130,"NA","NA","169.29000000000002","67.716000000000008",169.29,1836,0.580278128950695,1328,0.419721871049305,3164,0.0778674690618857,0.056322439495743,0.134189908557629,NA
"101","SI14","Onshore Wind","Revelstoke",50.19087866,-119.6752354,81,"NA","20.399999999999999","258.37619999999998","85.143636170844871","NA",0.1,36.8,36.9,130,"P","17","NA","NA",10.8149327099829,2269,0.710325792223789,925.3089,0.289674207776211,3194.3089,0.096235696118665,0.0392453706991169,0.135481066817782,NA
"102","PC25","Onshore Wind","Central Interior",55.22798306,-123.4267257,117,"NA","38.4","477.38496000000004","83.356993131118287","NA",1.64852832031,24.594826171875,26.243354492185,130,"R","NA","NA","NA",20.36,1643,0.511678604796014,1568,0.488321395203986,3211,0.0696865873928715,0.0665055198003789,0.13619210719325,NA
"103","VI10","Onshore Wind","Vancouver Island",50.70123983,-128.1993815,33,"NA","8.4","100.50348","115.04631020901492","NA",0.141421356201,50.2455859375,50.387007293701,69,"R","NA","NA","NA",14.57189,1122,0.34833902514747,2099,0.65166097485253,3221,0.0475894181760689,0.0890286887268883,0.136618106902957,NA
"104","PC16","Onshore Wind","Peace River",54.66019671,-120.6468671,99,"NA","24","455.60760000000005","62.647886314441195","NA",7.49411328125,66.3146328125,73.80874609375,230,"R","NA","NA","NA",12.72,1770,0.547987616099071,1460,0.452012383900929,3230,0.0750751290265626,0.0619263776151307,0.137001506641693,NA
"105","Kenyon - Stave","Pumped Storage","Lower Mainland",49.4020250605,-122.2587474,1000,"NA","495","NA","NA","169.30148060606061",1.4,39.6,41,500,"NA","NA","NA","NA",42.72,1236,0.374545454545455,2064,0.625454545454545,3300,0.0524301853628836,0.087553319246757,0.139983504609641,NA
"106","SI27","Onshore Wind","Lower Mainland",49.82736949,-121.2436138,87,"NA","21.599999999999998","271.44612000000001","100.79640958290931","NA",1.02426416016,76.3940234375,77.41828759766,130,"R","NA","NA","NA",127.3528,1539,0.466081162931557,1763,0.533918837068443,3302,0.0652833847077179,0.074785319843864,0.140068704551582,NA
"107","Solar70982","Solar","Kelly Nicola",49.96830845,-120.9772438,54.2326153846,"NA","NA","98.156171299313655","101.42689224013247","NA",1.6,23.6,25.2,69,"NA","NA","374.21999999999997","149.68799999999999",374.22,1580,0.471923536439665,1768,0.528076463560335,3348,0.0670264991283298,0.0750018040879032,0.142028303216233,NA
"108","PC19","Onshore Wind","Peace River",54.92472511,-121.4223738,117,"NA","27.599999999999998","536.13828000000001","54.493656577696221","NA",3.4455847168,33.0587890625,36.5043737793,230,"R","NA","NA","NA",14.63,1739,0.511320199941194,1662,0.488679800058806,3401,0.0737763983585662,0.0705097033191127,0.144286101677679,NA
"109","PC14","Onshore Wind","Peace River",54.60745688,-120.4986409,144,"NA","34.799999999999997","640.30781999999999","53.724829135258389","NA",8,75.9,83.9,230,"R","NA","NA","NA",18.45,1876,0.530843237125071,1658,0.469156762874929,3534,0.0796009508501067,0.0703509469666721,0.149951897816779,NA
"110","SI10","Onshore Wind","Kelly Nicola",50.46939281,-119.9619547,117,"NA","27.599999999999998","332.44200000000001","80.465695323400553","NA",0.3,35,35.3,130,"P","23","NA","NA",14.6319677840945,1897.603,0.53659042679627,1638.8056,0.46340957320373,3536.4086,0.080517810401402,0.0695366937054567,0.150054504106859,NA
"111","PC21","Onshore Wind","Peace River",54.86215047,-121.0169033,99,"NA","24","462.52800000000002","57.646413028801121","NA",15.8065888672,35.17644921875,50.98303808595,230,"R","NA","NA","NA",12.72,1796,0.501255930784259,1787,0.498744069215741,3583,0.0762105990299297,0.0758286973644122,0.152039296394342,NA
"112","NC07","Onshore Wind","North Coast",54.2217287,-126.3493254,117,"NA","27.599999999999998","338.78861999999998","78.174797926861075","NA",1.0656854248,28.352900390625,29.418585815425,130,"R","NA","NA","NA",14.63,1257,0.348585690515807,2349,0.651414309484193,3606,0.0533402671459847,0.0996788285806827,0.153019095726667,NA
"113","PC26","Onshore Wind","Peace River",55.54330734,-122.3474683,126,"NA","30","518.37300000000005","59.692496414795102","NA",4.95269140625,52.42569140625,57.3783828125,130,"R","NA","NA","NA",15.9,1997,0.543549265106151,1677,0.456450734893849,3674,0.0847479694676344,0.071167924285039,0.155915893752673,NA
"114","Anudol_Creek_A-8hr","Small Storage Hydro","North Coast",55.12,-129.53,160,"40","3","345","92.74","NA",6.145,41.7588,47.9038,69,"NA","NA","NA","NA",56.9,1334,0.35668449197861,2406,0.64331550802139,3740,0.0566156347888258,0.102111857047912,0.158727491836738,NA
"115","Upper Vancouver - Lower Vancouver","Pumped Storage","Lower Mainland",49.9126362467,-123.731816256,1000,"NA","495","NA","NA","170.62377878787873",10.0225371094,34.4132034355972,44.4357405449972,500,"NA","NA","NA","NA",11.75,1763,0.468011680382267,2004,0.531988319617733,3767,0.0748246268453263,0.0850530642076199,0.159877691052946,NA
"116","PC17","Onshore Wind","Peace River",55.6892616,-122.1239058,102,"NA","25.2","335.91096000000005","68.72877135682117","NA",1.4,32.3,33.7,130,"R","NA","NA","NA",13.36,1877,0.48982254697286,1955,0.51017745302714,3832,0.0796680155440129,0.0829786736220273,0.16264668916604,NA
"117","SI29","Onshore Wind","Kelly Nicola",49.4213473,-120.8643541,117,"NA","27.599999999999998","333.34866000000005","90.442200022550978","NA",1.38994958496,98.132296875,99.52224645996,130,"R","NA","NA","NA",14.63,1800,0.468627961468368,2041,0.531372038531632,3841,0.076400458221452,0.0866296306833242,0.163030088904776,NA
"118","SI30","Onshore Wind","Kelly Nicola",49.31580207,-120.7780903,150,"NA","36","428.36399999999998","86.437385455994203","NA",0.9,106.2,107.1,130,"P","30","NA","NA",19.085175370558,1829.1013,0.474015030715432,2029.63984,0.525984969284568,3858.74114,0.0776369599107514,0.0861489010430116,0.163785860953763,NA
"119","Knight - Fourth","Pumped Storage","Vancouver Island",49.0698799999999,-124.41682,500,"NA","408","NA","NA","172.06",20.2,43.7,63.9,500,"NA","NA","NA","NA",54.03,1519,0.392101187403201,2355,0.607898812596799,3874,0.0644755069156433,0.0999603810311652,0.164435887946809,NA
"120","Squamish_River_B-8hr","Small Storage Hydro","Lower Mainland",50.08,-123.36,67.7,"40","10","345","92.74","NA",0.299999999998137,38.7889,39.0888999999981,130,"NA","NA","NA","NA",133.8,1565,0.392427281845537,2423,0.607572718154463,3988,0.0664349110977015,0.102857373539764,0.169292284637466,NA
"121","SI28","Onshore Wind","Kelly Nicola",49.71721821,-120.9452865,87,"NA","21.599999999999998","282.40487999999999","95.046143232935094","NA",0.882842773438,69.087421875,69.970264648438,130,"R","NA","NA","NA",11.45,1579,0.387579774177712,2495,0.612420225822288,4074,0.067034201742894,0.10592168039805,0.172955882140944,NA
"122","Solar36063","Solar","Central Interior",53.94552672,-123.0634147,343.539692308,"NA","NA","542.83013040303354","102.5152621749335","NA",0.6,34.5,35.1,230,"NA","NA","443.07","177.22800000000001",443.07,2227,0.526975863700899,1999,0.473024136299101,4226,0.0945558471607523,0.0848752305677341,0.179431077728486,NA
"123","SI33","Onshore Wind","Selkirk",49.58799207,-119.3495849,48,"NA","12","120.1434","114.20171138822596","NA",0.524264038086,57.9587890625,58.483053100586,69,"P","10","NA","NA",6.36172512351933,2867.7056,0.678006054028761,1361.91091,0.321993945971239,4229.61651,0.12175981277737,0.0578253281721311,0.179585140949502,NA
"124","PC10","Onshore Wind","Peace River",56.4503433,-122.6254839,297,"NA","70.8","1239.1238999999998","55.402836873971559","NA",1.7,82.7,84.4,230,"R","NA","NA","NA",37.53,2551,0.60150907804763,1690,0.39849092195237,4241,0.108313786176506,0.0717562911165406,0.180070077293047,NA
"125","Elaho_River-8hr","Small Storage Hydro","Lower Mainland",50.11,-123.4,63.9,"40","9","325.89999999999998","85.147334930927542","NA",0,43.7558441227167,43.7558441227167,130,"NA","NA","NA","NA",43.76,1720,0.39206747207659,2667,0.60793252792341,4387,0.0730381211885562,0.113251551866209,0.186289673054765,NA
"126","PC09","Onshore Wind","Peace River",56.57614415,-122.7750882,207,"NA","49.199999999999996","849.41339999999991","65.79728571598406","NA",3.58700610352,101.3241796875,104.91118579102,230,"R","NA","NA","NA",26.08,2800,0.633197648123021,1622,0.366802351876979,4422,0.11890227989789,0.068878392140849,0.187780672038739,NA
"127","PC12","Onshore Wind","Peace River",54.5320784,-120.0978831,96,"NA","22.8","344.44758000000002","80.359901262891157","NA",14.8,97.7,112.5,230,"R","NA","NA","NA",12.09,2640,0.58968058968059,1837,0.41031941031941,4477,0.112112238098551,0.078011432343575,0.190123670442126,NA
"128","SI03","Onshore Wind","Kelly Nicola",51.02296982,-121.1465226,150,"NA","36.479999999999997","392.26579199999998","86.678770695404879","NA",0.1,43,43.1,130,"P","30","NA","NA",19.085175370558,2575.4146,0.562510620456574,2003.0138,0.437489379543426,4578.4284,0.109377106092025,0.0850674112457036,0.194444517337728,NA
"129","PC08","Onshore Wind","Peace River",56.74759287,-122.8784138,39,"NA","9.6","140.82575999999997","121.98573541611616","NA",11.612484375,101.4219453125,113.0344296875,130,"R","NA","NA","NA",88.3905,3083,0.670217391304348,1517,0.329782608695652,4600,0.130935993122803,0.0644274737487162,0.195363466871519,NA
"130","Upper Clore - Storage for 16 hrs of generation","Pumped Storage","North Coast",54.1838127504,-127.974894927,1000,"NA","1000","NA","NA","182.65150565656566",3.07279220614006,55.3264068711941,58.3991990773342,500,"NA","NA","NA","NA",55.33,2612,0.558716577540107,2063,0.441283422459893,4675,0.110937905835629,0.0876205588586913,0.19855846469432,NA
"131","SI31","Onshore Wind","Kelly Nicola",49.23297204,-120.2964695,144,"NA","34.799999999999997","372.04158000000001","100.9320839148305","NA",9.30832617188,90.772703125,100.08102929688,130,"P","29","NA","NA",18.4490028582061,3661.53873,0.778630212366162,1041,0.221369787633838,4702.53873,0.155517068863793,0.0442145449290957,0.199731613792889,NA
"132","SI02","Onshore Wind","Kelly Nicola",50.93034714,-121.1762619,69,"NA","16.8","169.12056000000001","109.20568239922603","NA",0.1,35.42863671875,35.52863671875,130,"P","14","NA","NA",8.90641517292706,2307.6092,0.490061302907769,2401.20822,0.509938697092231,4708.81742,0.0980118125697762,0.101987273234847,0.199999085804623,NA
"133","SI13","Onshore Wind","Revelstoke",50.01830566,-118.7967703,162,"NA","56.4","618.81515999999988","85.512634441569176","NA",1,66.8,67.8,230,"P","47","NA","NA",29.9001080805409,2350.9241,0.498390439464605,2366.1088,0.501609560535395,4717.0329,0.0998520585587165,0.100497006455417,0.200349065014133,NA
"134","BC22","Onshore Wind","North Coast",54.611,-126.136,260,"NA","62.4","765.95687999999996","74.242169125861622","NA",3.52132080078,98.31534375,101.83666455078,230,"P","113","NA","NA",71.8874938957684,2041.1247,0.429062100642948,2716.0531,0.570937899357052,4757.1778,0.0866959605050812,0.115363276083673,0.202059236588754,NA
"135","SI15","Onshore Wind","Kelly Nicola",50.09076254,-119.7530118,303,"NA","73.2","902.53403999999989","75.242059453167954","NA",0,79.9,79.9,230,"P","61","NA","NA",38.8065232534679,2712.6031,0.54409707598602,2272.91,0.45590292401398,4985.5131,0.115232314039974,0.0965539997003605,0.211786313740334,NA
"136","Kinskuch_River-8hr","Small Storage Hydro","North Coast",55.71,-129.34,40.1,"40","3","132.80000000000001","116.36779578392621","NA",9.2,33.3,42.5,130,"NA","NA","NA","NA",49.02,2759,0.53666601828438,2382,0.46333398171562,5141,0.117213252512896,0.101196798653758,0.218410051166655,NA
"137","SI01","Onshore Wind","Kelly Nicola",51.00597779,-120.4973311,171,"NA","58.8","613.38396","86.696270973203369","NA",0.3,43.9,44.2,230,"P","49","NA","NA",31.1724531052447,2480.6155,0.47475644865027,2744.412,0.52524355134973,5225.0275,0.105391003736379,0.116598616491014,0.221989620227393,NA
"138","PC24","Onshore Wind","Central Interior",55.4817089,-123.9167898,117,"NA","28.799999999999997","308.42207999999999","106.96629348122117","NA",1.92426416016,60.26467578125,62.18893994141,130,"R","NA","NA","NA",186.777,3048,0.581901489117984,2190,0.418098510882016,5238,0.129497665707001,0.0930445826438096,0.22254224835081,NA
"139","Nahatlatch_River-8hr","Small Storage Hydro","Lower Mainland",49.9,-122,83.9,"40","16","371.8","72.604934026208781","NA",0.3,53.3,53.6,130,"NA","NA","NA","NA",53.32,2700,0.514579759862779,2547,0.485420240137221,5247,0.114713026461173,0.108212621628373,0.222925648089546,NA
"140","PC37","Onshore Wind","Peace River",56.54299082,-123.0058961,72,"NA","16.8","283.66631999999998","86.422963406889508","NA",10.2124863281,85.0976875,95.3101738281,130,"R","NA","NA","NA",8.91,3320,0.630818924567737,1943,0.369181075432263,5263,0.141055683472403,0.0825515641526743,0.223607247625077,NA
"141","Hirsch - storage for 16 hrs of generation","Pumped Storage","North Coast",54.0331486839,-128.334012847,1000,"NA","1000","NA","NA","121.5536031",4.76984848098382,56.1374675043083,60.9073159852922,500,"NA","NA","NA","NA",84.8,2559,0.484475577432791,2723,0.515524422567209,5282,0.108724384676474,0.115692262397046,0.22441664707352,NA
"142","PC23","Onshore Wind","Central Interior",55.49828079,-124.4117115,54,"NA","13.2","157.93403999999998","134.85350200349799","NA",9.00121875,92.2102578125,101.2114765625,130,"R","NA","NA","NA",83.52601,3165,0.592363840539023,2178,0.407636159460977,5343,0.134475622568434,0.092539622734297,0.227015245302731,NA
"143","PC47","Onshore Wind","Peace River",55.66993652,-122.2744455,33,"NA","8.4","126.3192","93.660845770732664","NA",2.67279248047,20.55807421875,23.23086669922,69,"R","NA","NA","NA",61.8138,2671,0.489552785923754,2785,0.510447214076246,5456,0.113492553380109,0.118336488642308,0.231829042022418,NA
"144","NC09","Onshore Wind","North Coast",53.73175478,-124.2257591,333,"NA","80.399999999999991","1126.00602","61.8691277592863","NA",0.241421356201,34.1521875,34.393608856201,230,"P","67","NA","NA",42.6235583275795,2293.2109,0.414354391514109,3241.2083,0.585645608485891,5534.4192,0.0974435969789363,0.137726100687025,0.235169697665961,NA
"145","Upper Deserted - Un-named","Pumped Storage","Lower Mainland",50.1539637132,-123.684301825,1000,"NA","495","NA","NA","171.27576141414141",1.93137097168,64.0980703125,66.02944128418,500,"NA","NA","NA","NA",65.65,2262,0.406322974672175,3305,0.593677025327825,5567,0.0961188034787081,0.140438835321455,0.236557638800163,NA
"146","Nass_River-8hr","Small Storage Hydro","North Coast",56.33,-128.69,77.2,"40","5","286","109.41","NA",8.1,53.5441,61.6441,130,"NA","NA","NA","NA",347.8,2523,0.45182664756447,3061,0.54817335243553,5584,0.107210257530035,0.130071580776629,0.237281838306664,NA
"147","PC13","Onshore Wind","Peace River",54.47594534,-120.2898646,135,"NA","32.4","639.31355999999994","58.304319594040237","NA",6.06984863281,95.4042890625,101.47413769531,230,"R","NA","NA","NA",17.18,3133,0.555299539170507,2509,0.444700460829493,5642,0.133134528631646,0.106618107991318,0.239752636622963,NA
"148","BC20","Onshore Wind","North Coast",54.5315,-127.359,105,"NA","25.2","323.21771999999999","76.87076421151724","NA",1.80710681152,27.7066015625,29.51370837402,130,"P","45","NA","NA",28.627763055837,3178.5016,0.543249259264583,2672.4067,0.456750740735417,5850.9083,0.135080082252803,0.113572041885693,0.248652124138497,NA
"149","NC02","Onshore Wind","North Coast",53.66880613,-130.2915717,234,"NA","56.4","723.39204000000007","84.952197534795616","NA",3.93553442383,78.465390625,82.40092504883,230,"P","47","NA","NA",29.9001080805409,2477.8545,0.405705467452701,3629.6661,0.594294532547299,6107.5206,0.105314567193653,0.154269233475562,0.259583800669215,NA
"150","NC12","Onshore Wind","North Coast",53.75985565,-123.8971043,75,"NA","18","246.9006","84.536178019825769","NA",1.95563513184,31.794826171875,33.750461303715,230,"R","NA","NA","NA",9.54,2603,0.425535393166585,3514,0.574464606833415,6117,0.110633935301127,0.149353687532908,0.259987622834034,NA
"151","South_Creek-8hr","Small Storage Hydro","Lower Mainland",50.52,-123.24,45.1,"40","7","231","72.571789578361177","NA",0.3,61.8837661840711,62.1837661840711,230,"NA","NA","NA","NA",61.88,3078,0.501466275659824,3060,0.498533724340176,6138,0.130823636364738,0.130058585859681,0.260882222224418,NA
"152","WBBio_CB_RR","Biomass","Central Interior",51.9364094282,-122.977095028,11.4920585116,"11","NA","92","132.65","NA",0,68.1698,68.1698,230,"NA","NA","NA","NA",10,3233,0.525776549032363,2916,0.474223450967637,6149,0.137412133228033,0.123938688677063,0.261350821905096,NA
"153","PC06","Onshore Wind","Peace River",56.83568153,-123.0155677,243,"NA","58.8","935.09933999999998","72.047365486389182","NA",6.5627421875,134.880015625,141.4427578125,230,"R","NA","NA","NA",31.17,4075,0.657682375726275,2121,0.342317624273725,6196,0.17320264020391,0.090150380336808,0.263353020540718,NA
"154","Quimper - Bulson","Pumped Storage","Vancouver Island",49.3113900013,-125.72295,500,"NA","408","NA","NA","193.71809398773007",1.9727923584,82.9617315730071,84.9345239314071,500,"NA","NA","NA","NA",74.47,3314,0.525781373948913,2989,0.474218626051087,6303,0.140862727999079,0.1270484894355,0.26791121743458,NA
"155","ROR_5101","Run of River","Lower Mainland",49.7121987979,-122.750093851,27.09,"NA","4","78","85.28","NA",0.1,65.22275,65.32275,69,"NA","NA","NA","NA",5.01,2085,0.330270869634088,4228,0.669729130365912,6313,0.0886239660614348,0.179713251082852,0.268337217144287,NA
"156","Meager Creek","Geothermal","Lower Mainland",50.56909,-123.512111,99,"89","NA","656.90040009999996","98.184276859616105","NA",2.5,67.8,70.3,230,"NA","NA","NA","NA",26.5,3185,0.496957403651116,3224,0.503042596348884,6409,0.135384522348034,0.137042292009438,0.272426814357472,NA
"157","BC19","Onshore Wind","North Coast",54.7001,-127.529,105,"NA","25.2","309.32873999999998","79.891535204200608","NA",1.08994958496,24.509544921875,25.599494506835,230,"P","45","NA","NA",28.627763055837,3320.4055,0.513842590671077,3141.5063,0.486157409328923,6461.9118,0.141142722398627,0.133538133102851,0.274680855501478,NA
"158","Mt. Cayley","Geothermal","Lower Mainland",50.101612,-123.362587,40.7,"31","NA","232","114.74","NA",12.4863054484,64.8961864223,77.3824918707,69,"NA","NA","NA","NA",9.4,2647,0.405421963547251,3882,0.594578036452749,6529,0.112520329665087,0.165018481208866,0.277538810873953,NA
"159","Sleeman - storage for 16 hrs of generation","Pumped Storage","North Coast",53.6968286259,-128.672318542,1000,"NA","1000","NA","NA","121.05029810000001",3.02132034356151,86.858073580376,89.8793939239375,500,"NA","NA","NA","NA",109.5,3421,0.513509456619634,3241,0.486490543380366,6662,0.14542824385945,0.137776363153603,0.283204607013053,NA
"160","PC05","Onshore Wind","Peace River",57.03981337,-123.0997048,96,"NA","22.8","381.56370000000004","98.028597491633946","NA",17.4195859375,159.6895625,177.1091484375,230,"R","NA","NA","NA",173.4104,4684,0.676194600837303,2243,0.323805399162697,6927,0.199134981841519,0.0953586174787631,0.294493599320282,NA
"161","Lower Falls - storage for 16 hrs of generation","Pumped Storage","North Coast",53.7019662699,-128.527487237,1000,"NA","1000","NA","NA","126.90449799999999",4.16984848098295,88.5977705423447,92.7676190233277,500,"NA","NA","NA","NA",87.2,3524,0.50487106017192,3456,0.49512893982808,6980,0.14982119280556,0.146930204976168,0.296751397781727,NA
"162","PC07","Onshore Wind","Peace River",57.09794414,-122.8989455,117,"NA","28.799999999999997","382.74191999999999","101.4093717537758","NA",10.5367490234,162.043265625,172.5800146484,230,"R","NA","NA","NA",177.4803,4070,0.577550730807436,2977,0.422449269192564,7047,0.17303743082952,0.126568165007243,0.299605595836763,NA
"163","BC26","Onshore Wind","Kelly Nicola",51.8164,-120.271,165,"NA","39.6","414.82979999999998","98.213081982336419","NA",2.13137084961,121.614546875,123.74591772461,230,"P","71","NA","NA",45.1682483769872,3391.9355,0.478785462487039,3692.5225,0.521214537512961,7084.458,0.144210806379161,0.156990499170222,0.301201305549382,NA
"164","BC23","Onshore Wind","North Coast",55.3319,-126.911,105,"NA","25.2","309.32873999999998","84.230430873324536","NA",14.2266894531,45.1492421875,59.3759316406,230,"P","45","NA","NA",28.627763055837,3124,0.420208572757951,4310.4033,0.579791427242049,7434.4033,0.132831697090375,0.183277268080331,0.316108965170707,NA
"165","SI18","Onshore Wind","Kelly Nicola",51.20302839,-122.8080273,117,"NA","27.599999999999998","349.46706","91.343677990623945","NA",2.7,69.8,72.5,230,"R","NA","NA","NA",14.63,3728,0.493056474011374,3833,0.506943525988626,7561,0.158518633097962,0.162983347817728,0.32150198091569,NA
"166","Jedney Area","Geothermal","Peace River",57.498855,-122.245747,12.2,"9","NA","69","216.85","NA",0,193.383,193.383,230,"NA","NA","NA","NA",2.8,4552,0.563017934446506,3533,0.436982065553494,8085,0.193579284191229,0.150245081513096,0.343824365704324,NA
"167","PC11","Onshore Wind","Peace River",54.40875168,-120.1624003,126,"NA","30","570.82349999999997","63.989458989339575","NA",32.1818496094,105.7322109375,137.9140605469,230,"R","NA","NA","NA",15.9,4705,0.580720809676623,3397,0.419279190323377,8102,0.200086521762149,0.144462043448676,0.344548565210826,NA
"168","PC04","Onshore Wind","Peace River",57.12620809,-123.0578247,102,"NA","25.2","398.45735999999999","100.10009970678456","NA",16.8266933594,168.71971875,185.5464121094,230,"R","NA","NA","NA",191.1905,4990,0.615365643112591,3119,0.384634356887409,8109,0.212206851324211,0.13263991368341,0.34484676500762,NA
"169","BC21","Onshore Wind","North Coast",54.9537,-125.591,220,"NA","52.8","648.11735999999996","83.829652025682037","NA",0.241421356201,32.540412109375,32.781833465576,130,"P","95","NA","NA",60.4363886734336,3469.6194,0.397197474728372,5265.631,0.602802525271628,8735.2504,0.147568797306791,0.223956216561204,0.371525013867995,NA
"170","VI07","Onshore Wind","Vancouver Island",50.6448017,-126.9632505,165,"NA","39.6","522.07848000000001","88.642968937247929","NA",0.2,122.2,122.4,230,"P","33","NA","NA",20.9936929076138,3041.5005,0.300588066383947,7077,0.699411933616053,10118.5005,0.129388562406667,0.301062865566512,0.430451427973179,NA
"171","PC02","Onshore Wind","Peace River",57.41498594,-123.3118629,138,"NA","33.6","392.57064000000003","118.86725171561042","NA",33.036265625,207.05425,240.090515625,230,"R","NA","NA","NA",221.8345,5618,0.53993272465161,4787,0.46006727534839,10405,0.239004621255709,0.203651677100583,0.442656298356292,NA
"172","BC25","Onshore Wind","Central Interior",51.5627,-123.431,160,"NA","38.4","471.35807999999997","92.683466422761668","NA",3.57989916992,159.107234375,162.68713354492,230,"P","69","NA","NA",43.8959033522834,5658.6335,0.531035114627492,4997.2221,0.468964885372508,10655.8556,0.240740913707148,0.212601825926976,0.453342739634123,NA
"173","Pebble Creek","Geothermal","Lower Mainland",50.6678,-123.470425,99,"89","NA","656.90040010200858","97.683961438932542","NA",0.75,66.5719921875,67.3219921875,230,"NA","NA","NA","NA",26.5,4733,0.442667414889637,5959,0.557332585110363,10692,0.201361655937873,0.253520834087003,0.454882490024876,NA
"174","PC01","Onshore Wind","Peace River",57.53746805,-123.217569,150,"NA","36","464.76180000000005","107.20800391045138","NA",28.1865078125,218.74175,246.9282578125,230,"R","NA","NA","NA",226.6088,6064,0.540463458110517,5156,0.459536541889483,11220,0.258003891779411,0.219371382917982,0.477375274697393,NA
"175","PC22","Onshore Wind","Central Interior",56.23880931,-124.4981851,207,"NA","49.199999999999996","459.3656400000001","121.35392801256627","NA",3.44558496094,181.21009375,184.65567871094,230,"R","NA","NA","NA",298.7057,7218,0.622939501165099,4369,0.377060498834901,11587,0.307115069601012,0.185894394442619,0.493009464043631,NA
"176","VI06","Onshore Wind","Vancouver Island",50.78142433,-127.6862897,117,"NA","27.599999999999998","358.53366","83.915463409001291","NA",1.7,36,37.7,130,"P","23","NA","NA",14.6319677840945,3515.0153,0.289037017545663,8646.1097,0.710962982454337,12161.125,0.149567168181685,0.367900004195485,0.51746717237717,NA
"177","WBBio_NW_ST","Biomass","North Coast",58.4333333339,-130.024166667,54,"10","NA","86","205.12","NA",0.473463877529,255.387,255.860463877529,130,"NA","NA","NA","NA",10,3784,0.303180834869001,8697,0.696819165130999,12481,0.161017473226337,0.370076364865078,0.531093838091415,NA
"178","VI04","Onshore Wind","Vancouver Island",50.776846,-127.8682787,60,"NA","14.399999999999999","188.21735999999999","101.1195555834226","NA",2.17989916992,48.82569140625,51.00559057617,130,"P","12","NA","NA",7.6340701482232,3653.40598,0.291170147587438,8893.91733,0.708829852412562,12547.32331,0.155461334934407,0.378457874237687,0.533919209172094,NA
"179","VI05","Onshore Wind","Vancouver Island",50.73907471,-127.770989,255,"NA","61.199999999999996","786.74436000000003","93.499766923626581","NA",0.7,173.4,174.1,230,"P","51","NA","NA",32.4447981299486,3893.9138,0.301279560452018,9030.6729,0.698720439547982,12924.5867,0.165700931834903,0.384289686799489,0.549990618634393,NA
"180","BC13","Onshore Wind","North Coast",58.5032,-130.442,160,"NA","38.4","526.72127999999998","97.630343521356849","NA",43.0943671875,265.3645,308.4588671875,230,"P","70","NA","NA",44.5320758646353,4865.22754,0.371016090292305,8248.0246,0.628983909707695,13113.25214,0.207037278124267,0.350990482777296,0.558027760901563,NA
"181","BC08","Onshore Wind","North Coast",58.3736,-131.538,160,"NA","38.4","526.72127999999998","102.84130249951509","NA",72.2767578125,192.946921875,265.2236796875,230,"P","70","NA","NA",44.5320758646353,5380.60024,0.39539253710442,8227.64912,0.60460746289558,13608.24936,0.228977602080374,0.350137026023754,0.579114628104128,NA
"182","NC05","Onshore Wind","North Coast",52.63680392,-129.0720259,261,"NA","62.4","720.63264000000004","135.21545013418904","NA",4.92548388672,214.113828125,219.03931201172,230,"P","52","NA","NA",33.0809706423005,6677.0692,0.482918307067536,7149.4292,0.517081692932464,13826.4984,0.284154941807121,0.304257089065384,0.588412030872506,NA
"183","VI09","Onshore Wind","Vancouver Island",50.58798955,-128.2024973,54,"NA","13.2","168.34091999999998","94.726775014035169","NA",0.682842712402,55.31908984375,56.001932556152,69,"P","7","NA","NA",4.45320758646353,4651.40386,0.335870347400563,9197.40386,0.664129652599437,13848.80772,0.197949356470201,0.39141305078668,0.589362407256881,NA
"184","Clarke Lake","Geothermal","Peace River",58.721628,-122.531644,18.4,"14","NA","104","187.25","NA",0,338.251,338.251,230,"NA","NA","NA","NA",4.2,6706,0.477805486284289,7329,0.522194513715711,14035,0.285390442331517,0.311903750648328,0.597294192979845,NA
"185","BC24","Onshore Wind","Central Interior",51.8293,-124.224,130,"NA","31.2","342.32327999999995","117.50848183458334","NA",5.24558447266,48.727921875,53.97350634766,130,"P","57","NA","NA",36.2618332040602,7725.648,0.52162350837811,7085.1262,0.47837649162189,14810.7742,0.328801284481256,0.301540866898388,0.630342151379644,NA
"186","VI02","Onshore Wind","Vancouver Island",50.80660519,-128.1349669,147,"NA","42","514.16819999999996","77.965470085587228","NA",3.5,69,72.5,130,"P","35","NA","NA",22.2660379323177,4725.0119,0.311113471982706,10462.4111,0.688886528017294,15187.423,0.201099821827847,0.445287557497937,0.646387379325784,NA
"187","BC09","Onshore Wind","North Coast",58.5164,-131.28,145,"NA","34.799999999999997","477.34116000000006","110.96678109296646","NA",72.2767578125,192.946921875,265.2236796875,230,"P","63","NA","NA",40.0788682781718,6761.96248,0.440749964433784,8579.98426,0.559250035566217,15341.94674,0.287796542253136,0.365173543910929,0.652970086164064,NA
"188","NC06","Onshore Wind","North Coast",52.34780231,-128.6815663,198,"NA","48","595.50479999999993","134.62651943639156","NA",2.76568554688,220.113828125,222.87951367188,230,"P","40","NA","NA",25.4469004940773,8352,0.510919434758671,7995,0.489080565241329,16347,0.355490245403837,0.34029508046021,0.695785325864048,NA
"189","WBBio_NE_ST_1","Biomass","Peace River",58.8055555565,-122.697222223,38.520155471,"37","NA","307","187.48","NA",0.6,351.052,351.652,230,"NA","NA","NA","NA",10,8572,0.51750784834581,7992,0.48249215165419,16564,0.3648583096902,0.340171209874484,0.705029519564684,NA
"190","WBBio_NE_ST_2","Biomass","Peace River",58.8055555565,-122.697222223,38.520155471,"37","NA","307","187.48","NA",0,351.052,351.052,230,"NA","NA","NA","NA",10,8572,0.51750784834581,7992,0.48249215165419,16564,0.3648583096902,0.340171209874484,0.705029519564684,NA
"191","WBBio_NE_ST_3","Biomass","Peace River",58.8055555565,-122.697222223,38.520155471,"37","NA","307","187.48","NA",0,351.052,351.052,230,"NA","NA","NA","NA",10,8572,0.51750784834581,7992,0.48249215165419,16564,0.3648583096902,0.340171209874484,0.705029519564684,NA
"192","BC11","Onshore Wind","North Coast",58.9375,-130.549,150,"NA","36","424.94760000000002","129.55618024565354","NA",125.708414063,260.413109375,386.121523438,230,"P","66","NA","NA",41.9873858152276,8003,0.459467217820645,9415,0.540532782179355,17418,0.340653541616342,0.400756353157299,0.741409894773641,NA
"193","NC01","Onshore Wind","North Coast",53.46452367,-130.3291488,345,"NA","82.8","1150.2493200000001","75.229339188373373","NA",3.87695581055,99.0661015625,102.94305737305,230,"P","69","NA","NA",43.8959033522834,7153.6099,0.397634448502722,10836.808,0.602365551497278,17990.4179,0.304506425052055,0.461288455644682,0.765794880696737,NA
"194","BC15","Onshore Wind","Peace River",59.872,-125.954,230,"NA","55.199999999999996","677.57723999999996","133.41293737782709","NA",18.2953300781,244.595375,262.8907050781,130,"P","101","NA","NA",64.2534237475452,10592.3608,0.477275408250776,11601.0324,0.522724591749224,22193.3932,0.450949615731413,0.493891890735791,0.944841506467204,NA
"195","BC10","Onshore Wind","North Coast",59.0166,-131.26,165,"NA","39.6","507.91356000000002","125.28558797417327","NA",54.375484375,203.421953125,257.7974375,230,"P","71","NA","NA",45.1682483769872,11360.31332,0.487027411634128,11965.50582,0.512972588365872,23325.81914,0.483658554699416,0.509424263938228,0.993082818637644,NA
"196","BC17","Onshore Wind","Peace River",59.7913,-125.352,290,"NA","69.599999999999994","892.69655999999998","112.49687077743719","NA",30.6735195313,572.7378125,603.4113320313,230,"P","126","NA","NA",80.1577365563436,11286.4455,0.480515671311031,12201.7489,0.519484328688969,23488.1944,0.480515671311031,0.519484328688969,1,NA
